Country Name,Country Code,Series Name,Series Code,2021 [YR2021],2022 [YR2022],2023 [YR2023],2024 [YR2024],2025 [YR2025],2026 [YR2026],2027 [YR2027],2028 [YR2028],2029 [YR2029],2030 [YR2030],2031 [YR2031],2032 [YR2032],2033 [YR2033],2034 [YR2034],2035 [YR2035],2036 [YR2036],2037 [YR2037],2038 [YR2038],2039 [YR2039],2040 [YR2040],2041 [YR2041],2042 [YR2042],2043 [YR2043],2044 [YR2044],2045 [YR2045],2046 [YR2046],2047 [YR2047],2048 [YR2048],2049 [YR2049],2050 [YR2050]
Afghanistan,AFG,"Population, total",SP.POP.TOTL,39835000,40754000,41681000,42609000,43532000,44449000,45364000,46275000,47185000,48094000,49000000,49904000,50804000,51699000,52587000,53469000,54343000,55209000,56065000,56912000,57748000,58574000,59387000,60188000,60974000,61746000,62503000,63245000,63972000,64683000
Africa Eastern and Southern,AFE,"Population, total",SP.POP.TOTL,694664000,712313000,730199000,748355000,766800000,785529000,804534000,823803000,843315000,863052000,883013000,903186000,923556000,944107000,964825000,985695000,1006710000,1027863000,1049151000,1070560000,1092093000,1113727000,1135460000,1157274000,1179158000,1201097000,1223090000,1245124000,1267187000,1289283000
Africa Western and Central,AFW,"Population, total",SP.POP.TOTL,470898000,483203000,495715000,508457000,521426000,534628000,548057000,561708000,575580000,589662000,603958000,618460000,633162000,648061000,663151000,678423000,693877000,709496000,725277000,741208000,757279000,773484000,789816000,806260000,822806000,839444000,856170000,872979000,889863000,906826000
Albania,ALB,"Population, total",SP.POP.TOTL,2832000,2825000,2816000,2807000,2798000,2789000,2779000,2769000,2759000,2748000,2736000,2724000,2711000,2697000,2681000,2665000,2648000,2629000,2610000,2591000,2571000,2550000,2529000,2508000,2486000,2465000,2443000,2421000,2400000,2377000
Algeria,DZA,"Population, total",SP.POP.TOTL,44617000,45350000,46053000,46731000,47388000,48022000,48634000,49226000,49801000,50361000,50908000,51444000,51971000,52494000,53016000,53537000,54059000,54583000,55110000,55640000,56174000,56711000,57250000,57789000,58326000,58859000,59388000,59911000,60423000,60923000
American Samoa,ASM,"Population, total",SP.POP.TOTL,55000,55000,55000,55000,55000,55000,55000,55000,55000,55000,55000,55000,55000,55000,55000,54000,54000,54000,54000,54000,54000,54000,54000,54000,54000,54000,54000,54000,54000,54000
Andorra,AND,"Population, total",SP.POP.TOTL,77000,77000,78000,78000,78000,78000,78000,78000,78000,78000,78000,78000,78000,78000,78000,78000,78000,78000,78000,78000,78000,78000,78000,77000,77000,77000,77000,77000,76000,76000
Angola,AGO,"Population, total",SP.POP.TOTL,33934000,35027000,36149000,37299000,38478000,39688000,40929000,42200000,43502000,44835000,46198000,47593000,49017000,50471000,51953000,53462000,55000000,56566000,58160000,59782000,61432000,63110000,64814000,66544000,68298000,70075000,71877000,73701000,75549000,77420000
Antigua and Barbuda,ATG,"Population, total",SP.POP.TOTL,99000,100000,100000,101000,102000,102000,103000,104000,104000,105000,105000,106000,106000,107000,107000,108000,108000,108000,109000,109000,109000,110000,110000,110000,110000,110000,111000,111000,111000,111000
Arab World,ARB,"Population, total",SP.POP.TOTL,444515000,453127000,461820000,470458000,478943000,487238000,495373000,503375000,511284000,519139000,526937000,534672000,542365000,550046000,557735000,565436000,573150000,580867000,588574000,596258000,603917000,611550000,619148000,626700000,634197000,641626000,648994000,656288000,663508000,670643000
Argentina,ARG,"Population, total",SP.POP.TOTL,45784000,46188000,46586000,46980000,47368000,47750000,48126000,48496000,48860000,49217000,49568000,49912000,50249000,50579000,50903000,51221000,51533000,51838000,52137000,52430000,52716000,52995000,53268000,53534000,53794000,54047000,54294000,54535000,54768000,54993000
Armenia,ARM,"Population, total",SP.POP.TOTL,2968000,2972000,2975000,2977000,2977000,2977000,2976000,2974000,2971000,2967000,2963000,2958000,2952000,2947000,2940000,2934000,2927000,2920000,2913000,2905000,2897000,2890000,2882000,2873000,2865000,2856000,2846000,2837000,2827000,2816000
Aruba,ABW,"Population, total",SP.POP.TOTL,107000,108000,108000,108000,109000,109000,109000,110000,110000,110000,110000,111000,111000,111000,111000,111000,111000,111000,111000,111000,111000,111000,110000,110000,110000,110000,109000,109000,109000,109000
Australia,AUS,"Population, total",SP.POP.TOTL,25973000,26247000,26517000,26783000,27047000,27307000,27563000,27815000,28064000,28309000,28550000,28789000,29024000,29257000,29487000,29715000,29941000,30165000,30387000,30609000,30831000,31051000,31271000,31491000,31711000,31930000,32150000,32369000,32589000,32805000
Austria,AUT,"Population, total",SP.POP.TOTL,8940000,8953000,8962000,8969000,8980000,8992000,9006000,9020000,9033000,9044000,9054000,9061000,9068000,9073000,9076000,9078000,9079000,9078000,9075000,9069000,9063000,9054000,9044000,9032000,9019000,9005000,8990000,8975000,8959000,8942000
Azerbaijan,AZE,"Population, total",SP.POP.TOTL,10175000,10251000,10320000,10385000,10444000,10500000,10551000,10599000,10644000,10687000,10728000,10766000,10803000,10837000,10870000,10900000,10928000,10952000,10973000,10991000,11005000,11016000,11022000,11025000,11025000,11021000,11015000,11007000,10996000,10982000
"Bahamas, The",BHS,"Population, total",SP.POP.TOTL,397000,401000,404000,408000,411000,414000,418000,421000,424000,427000,430000,432000,435000,438000,440000,442000,445000,447000,449000,450000,452000,454000,455000,457000,458000,459000,460000,462000,462000,463000
Bahrain,BHR,"Population, total",SP.POP.TOTL,1748000,1784000,1812000,1838000,1865000,1895000,1926000,1957000,1986000,2013000,2038000,2060000,2081000,2100000,2119000,2137000,2154000,2170000,2185000,2200000,2214000,2227000,2240000,2253000,2265000,2276000,2287000,2297000,2307000,2316000
Bangladesh,BGD,"Population, total",SP.POP.TOTL,166303000,167886000,169432000,170937000,172399000,173814000,175180000,176498000,177769000,178994000,180171000,181300000,182377000,183403000,184374000,185291000,186152000,186960000,187715000,188417000,189066000,189663000,190208000,190701000,191142000,191532000,191871000,192157000,192390000,192568000
Barbados,BRB,"Population, total",SP.POP.TOTL,288000,288000,288000,289000,289000,289000,289000,289000,289000,289000,289000,289000,289000,289000,289000,289000,288000,288000,287000,287000,286000,285000,284000,283000,283000,282000,280000,279000,278000,277000
Belarus,BLR,"Population, total",SP.POP.TOTL,9371000,9358000,9344000,9327000,9309000,9290000,9269000,9247000,9223000,9196000,9166000,9134000,9099000,9062000,9023000,8984000,8945000,8907000,8870000,8834000,8799000,8764000,8731000,8699000,8668000,8638000,8610000,8583000,8557000,8531000
Belgium,BEL,"Population, total",SP.POP.TOTL,11579000,11611000,11641000,11670000,11700000,11729000,11759000,11786000,11812000,11836000,11858000,11879000,11898000,11916000,11934000,11950000,11966000,11981000,11995000,12008000,12020000,12031000,12042000,12051000,12059000,12066000,12073000,12079000,12084000,12087000
Belize,BLZ,"Population, total",SP.POP.TOTL,405000,412000,419000,427000,434000,441000,448000,454000,461000,468000,474000,480000,487000,493000,499000,504000,510000,516000,521000,526000,531000,536000,541000,546000,550000,555000,559000,563000,567000,571000
Benin,BEN,"Population, total",SP.POP.TOTL,12451000,12785000,13124000,13470000,13822000,14180000,14544000,14915000,15291000,15672000,16060000,16453000,16851000,17254000,17663000,18076000,18494000,18917000,19344000,19775000,20210000,20649000,21091000,21537000,21986000,22439000,22895000,23354000,23816000,24280000
Bermuda,BMU,"Population, total",SP.POP.TOTL,..,..,..,..,..,..,..,..,..,..,..,..,..,..,..,..,..,..,..,..,..,..,..,..,..,..,..,..,..,..
Bhutan,BTN,"Population, total",SP.POP.TOTL,780000,788000,796000,803000,811000,818000,824000,831000,837000,843000,848000,853000,858000,863000,867000,871000,875000,879000,882000,885000,888000,891000,893000,895000,897000,899000,901000,902000,904000,905000
Bolivia,BOL,"Population, total",SP.POP.TOTL,11833000,11993000,12152000,12311000,12468000,12625000,12781000,12936000,13089000,13240000,13390000,13538000,13684000,13828000,13971000,14111000,14250000,14387000,14521000,14653000,14783000,14910000,15035000,15157000,15277000,15395000,15510000,15623000,15733000,15840000
Bosnia and Herzegovina,BIH,"Population, total",SP.POP.TOTL,3263000,3249000,3237000,3225000,3212000,3197000,3181000,3163000,3145000,3127000,3108000,3089000,3070000,3050000,3030000,3009000,2988000,2967000,2945000,2923000,2901000,2878000,2855000,2831000,2808000,2784000,2759000,2735000,2710000,2685000
Botswana,BWA,"Population, total",SP.POP.TOTL,2397000,2441000,2484000,2526000,2568000,2610000,2651000,2693000,2734000,2774000,2815000,2855000,2895000,2935000,2975000,3014000,3053000,3092000,3130000,3168000,3205000,3242000,3278000,3313000,3348000,3382000,3415000,3447000,3479000,3510000
Brazil,BRA,"Population, total",SP.POP.TOTL,213993000,215354000,216642000,217863000,219021000,220115000,221143000,222107000,223009000,223852000,224636000,225362000,226029000,226636000,227184000,227672000,228103000,228477000,228795000,229059000,229269000,229427000,229534000,229593000,229605000,229570000,229491000,229366000,229196000,228980000
British Virgin Islands,VGB,"Population, total",SP.POP.TOTL,30000,31000,31000,31000,31000,31000,31000,32000,32000,32000,32000,32000,32000,32000,32000,32000,32000,32000,32000,32000,32000,32000,32000,32000,32000,32000,32000,32000,32000,32000
Brunei Darussalam,BRN,"Population, total",SP.POP.TOTL,442000,445000,449000,453000,456000,459000,463000,466000,468000,471000,473000,476000,478000,480000,482000,483000,485000,486000,488000,489000,490000,491000,491000,492000,492000,493000,493000,493000,493000,492000
Bulgaria,BGR,"Population, total",SP.POP.TOTL,6882000,6830000,6778000,6726000,6672000,6618000,6562000,6506000,6450000,6393000,6336000,6279000,6222000,6167000,6111000,6057000,6003000,5950000,5898000,5847000,5797000,5748000,5699000,5651000,5603000,5556000,5510000,5463000,5417000,5370000
Burkina Faso,BFA,"Population, total",SP.POP.TOTL,21497000,22103000,22721000,23352000,23995000,24652000,25321000,26003000,26698000,27404000,28122000,28852000,29593000,30344000,31106000,31878000,32658000,33448000,34246000,35051000,35863000,36682000,37507000,38339000,39176000,40018000,40866000,41718000,42574000,43432000
Burundi,BDI,"Population, total",SP.POP.TOTL,12255000,12625000,12999000,13379000,13764000,14155000,14551000,14952000,15360000,15773000,16192000,16618000,17049000,17487000,17932000,18383000,18841000,19305000,19776000,20253000,20736000,21226000,21721000,22222000,22728000,23239000,23754000,24274000,24798000,25325000
Cabo Verde,CPV,"Population, total",SP.POP.TOTL,562000,568000,573000,579000,584000,590000,595000,600000,605000,610000,615000,620000,624000,629000,633000,637000,641000,645000,649000,652000,656000,659000,662000,665000,668000,671000,673000,675000,677000,679000
Cambodia,KHM,"Population, total",SP.POP.TOTL,16946000,17169000,17386000,17598000,17806000,18009000,18207000,18402000,18593000,18781000,18967000,19150000,19331000,19509000,19686000,19860000,20031000,20200000,20366000,20527000,20683000,20835000,20982000,21124000,21261000,21392000,21518000,21638000,21753000,21861000
Cameroon,CMR,"Population, total",SP.POP.TOTL,27224000,27912000,28608000,29315000,30032000,30759000,31497000,32244000,33001000,33766000,34540000,35323000,36115000,36915000,37722000,38538000,39362000,40193000,41030000,41873000,42723000,43578000,44437000,45302000,46172000,47046000,47924000,48806000,49689000,50573000
Canada,CAN,"Population, total",SP.POP.TOTL,38354000,38668000,38979000,39287000,39592000,39893000,40189000,40479000,40764000,41043000,41317000,41584000,41845000,42099000,42345000,42584000,42815000,43041000,43260000,43474000,43684000,43889000,44090000,44289000,44486000,44684000,44883000,45084000,45288000,45490000
Caribbean small states,CSS,"Population, total",SP.POP.TOTL,7481000,7520000,7555000,7589000,7622000,7651000,7679000,7703000,7728000,7751000,7769000,7787000,7803000,7817000,7828000,7838000,7845000,7852000,7853000,7854000,7852000,7851000,7845000,7840000,7833000,7823000,7808000,7798000,7782000,7765000
Cayman Islands,CYM,"Population, total",SP.POP.TOTL,66000,67000,68000,69000,70000,70000,71000,72000,73000,73000,74000,75000,75000,76000,77000,77000,78000,79000,79000,80000,81000,81000,82000,82000,83000,83000,84000,84000,84000,85000
Central African Republic,CAF,"Population, total",SP.POP.TOTL,4920000,5017000,5119000,5227000,5338000,5454000,5572000,5694000,5817000,5942000,6068000,6195000,6323000,6450000,6577000,6704000,6831000,6956000,7081000,7205000,7329000,7451000,7573000,7693000,7813000,7933000,8051000,8169000,8285000,8401000
Central Europe and the Baltics,CEB,"Population, total",SP.POP.TOTL,101872000,101580000,101286000,100978000,100648000,100296000,99920000,99525000,99103000,98666000,98208000,97738000,97251000,96753000,96244000,95730000,95216000,94699000,94188000,93680000,93179000,92688000,92202000,91728000,91256000,90791000,90327000,89862000,89395000,88912000
Chad,TCD,"Population, total",SP.POP.TOTL,16915000,17414000,17921000,18437000,18961000,19491000,20030000,20576000,21129000,21690000,22259000,22834000,23415000,24003000,24597000,25196000,25800000,26409000,27024000,27643000,28267000,28895000,29528000,30164000,30802000,31444000,32088000,32734000,33382000,34031000
Channel Islands,CHI,"Population, total",SP.POP.TOTL,175000,176000,178000,179000,180000,181000,182000,183000,184000,185000,186000,187000,188000,189000,190000,190000,191000,192000,193000,194000,194000,195000,196000,196000,197000,197000,198000,198000,199000,199000
Chile,CHL,"Population, total",SP.POP.TOTL,19212000,19250000,19249000,19239000,19241000,19260000,19293000,19338000,19394000,19458000,19533000,19618000,19710000,19798000,19879000,19950000,20012000,20066000,20114000,20157000,20195000,20228000,20256000,20279000,20297000,20310000,20319000,20323000,20323000,20319000
China,CHN,"Population, total",SP.POP.TOTL,1415384000,1419349000,1422779000,1425679000,1428072000,1429989000,1431467000,1432532000,1433200000,1433473000,1433340000,1432787000,1431811000,1430426000,1428669000,1426588000,1424224000,1421605000,1418739000,1415615000,1412206000,1408492000,1404459000,1400093000,1395382000,1390316000,1384892000,1379120000,1373023000,1366419000
Colombia,COL,"Population, total",SP.POP.TOTL,51266000,51513000,51673000,51820000,52007000,52249000,52530000,52835000,53136000,53417000,53674000,53914000,54139000,54350000,54549000,54735000,54906000,55062000,55206000,55336000,55454000,55558000,55650000,55730000,55797000,55853000,55897000,55930000,55950000,55958000
Comoros,COM,"Population, total",SP.POP.TOTL,888000,907000,926000,946000,965000,984000,1004000,1024000,1043000,1063000,1083000,1103000,1123000,1143000,1164000,1184000,1205000,1225000,1246000,1266000,1287000,1308000,1328000,1349000,1370000,1390000,1411000,1431000,1452000,1472000
"Congo, Dem. Rep.",COD,"Population, total",SP.POP.TOTL,92378000,95241000,98152000,101115000,104134000,107206000,110332000,113514000,116751000,120047000,123400000,126808000,130270000,133780000,137337000,140936000,144577000,148257000,151974000,155725000,159508000,163320000,167158000,171018000,174895000,178788000,182695000,186614000,190546000,194489000
"Congo, Rep.",COG,"Population, total",SP.POP.TOTL,5657000,5798000,5941000,6086000,6235000,6386000,6540000,6697000,6857000,7020000,7185000,7353000,7523000,7696000,7871000,8048000,8228000,8409000,8592000,8777000,8963000,9151000,9341000,9532000,9724000,9917000,10112000,10308000,10504000,10702000
Costa Rica,CRI,"Population, total",SP.POP.TOTL,5139000,5182000,5224000,5264000,5302000,5339000,5373000,5406000,5438000,5468000,5497000,5524000,5550000,5575000,5598000,5620000,5640000,5659000,5676000,5692000,5706000,5719000,5731000,5741000,5749000,5757000,5763000,5767000,5771000,5773000
Cote d'Ivoire,CIV,"Population, total",SP.POP.TOTL,27054000,27742000,28444000,29160000,29888000,30630000,31384000,32150000,32926000,33713000,34508000,35313000,36127000,36950000,37783000,38625000,39476000,40337000,41206000,42083000,42969000,43862000,44764000,45673000,46589000,47511000,48441000,49376000,50317000,51264000
Croatia,HRV,"Population, total",SP.POP.TOTL,4025000,4003000,3982000,3961000,3939000,3917000,3895000,3872000,3848000,3824000,3800000,3776000,3751000,3725000,3699000,3673000,3647000,3620000,3594000,3567000,3541000,3514000,3488000,3462000,3435000,3409000,3383000,3357000,3331000,3305000
Cuba,CUB,"Population, total",SP.POP.TOTL,11317000,11306000,11291000,11275000,11257000,11237000,11216000,11193000,11169000,11142000,11114000,11084000,11052000,11017000,10981000,10942000,10901000,10858000,10813000,10765000,10715000,10662000,10608000,10551000,10492000,10430000,10367000,10301000,10233000,10162000
Curacao,CUW,"Population, total",SP.POP.TOTL,156000,156000,157000,158000,158000,159000,159000,160000,160000,161000,161000,162000,162000,162000,163000,163000,163000,164000,164000,164000,164000,164000,164000,165000,165000,165000,165000,165000,165000,165000
Cyprus,CYP,"Population, total",SP.POP.TOTL,1216000,1223000,1231000,1238000,1245000,1251000,1257000,1263000,1269000,1275000,1280000,1286000,1291000,1296000,1301000,1306000,1311000,1315000,1320000,1324000,1328000,1332000,1335000,1339000,1342000,1345000,1348000,1350000,1353000,1355000
Czech Republic,CZE,"Population, total",SP.POP.TOTL,10712000,10723000,10730000,10734000,10735000,10733000,10728000,10720000,10709000,10697000,10682000,10666000,10650000,10633000,10617000,10602000,10588000,10575000,10565000,10556000,10548000,10542000,10536000,10531000,10526000,10522000,10518000,10514000,10509000,10502000
Denmark,DNK,"Population, total",SP.POP.TOTL,5851000,5872000,5894000,5915000,5935000,5955000,5973000,5990000,6007000,6022000,6038000,6053000,6067000,6082000,6096000,6111000,6124000,6137000,6149000,6161000,6172000,6182000,6192000,6201000,6209000,6217000,6225000,6232000,6239000,6246000
Djibouti,DJI,"Population, total",SP.POP.TOTL,1002000,1016000,1030000,1043000,1056000,1069000,1081000,1093000,1105000,1117000,1128000,1139000,1150000,1160000,1170000,1180000,1189000,1199000,1208000,1217000,1226000,1234000,1243000,1251000,1259000,1266000,1274000,1281000,1289000,1295000
Dominica,DMA,"Population, total",SP.POP.TOTL,72000,72000,73000,73000,73000,73000,73000,73000,73000,73000,73000,73000,73000,73000,73000,73000,73000,73000,73000,73000,72000,72000,72000,72000,72000,72000,71000,71000,71000,71000
Dominican Republic,DOM,"Population, total",SP.POP.TOTL,10954000,11056000,11156000,11252000,11346000,11437000,11525000,11609000,11691000,11770000,11847000,11921000,11992000,12060000,12126000,12189000,12250000,12308000,12364000,12416000,12467000,12515000,12560000,12602000,12642000,12678000,12712000,12743000,12771000,12796000
Early-demographic dividend,EAR,"Population, total",SP.POP.TOTL,3373688000,3415107000,3456195000,3496717000,3536501000,3575471000,3613634000,3651014000,3687659000,3723606000,3758846000,3793335000,3827056000,3859990000,3892142000,3923476000,3954015000,3983733000,4012640000,4040734000,4068001000,4094445000,4120057000,4144834000,4168779000,4191877000,4214140000,4235547000,4256084000,4275751000
East Asia & Pacific,EAS,"Population, total",SP.POP.TOTL,2372124000,2382669000,2392513000,2401630000,2410051000,2417798000,2424897000,2431375000,2437235000,2442484000,2447102000,2451088000,2454426000,2457132000,2459255000,2460833000,2461916000,2462527000,2462687000,2462389000,2461610000,2460330000,2458540000,2456222000,2453369000,2449967000,2446025000,2441545000,2436549000,2430820000
East Asia & Pacific (excluding high income),EAP,"Population, total",SP.POP.TOTL,2125091000,2135742000,2145725000,2155034000,2163691000,2171724000,2179164000,2186031000,2192329000,2198058000,2203202000,2207747000,2211686000,2215026000,2217817000,2220092000,2221905000,2223277000,2224226000,2224745000,2224802000,2224384000,2223477000,2222060000,2220128000,2217669000,2214687000,2211185000,2207188000,2202515000
East Asia & Pacific (IDA & IBRD countries),TEA,"Population, total",SP.POP.TOTL,2099178000,2109725000,2119609000,2128823000,2137390000,2145336000,2152694000,2159485000,2165713000,2171381000,2176471000,2180970000,2184871000,2188180000,2190948000,2193208000,2195012000,2196381000,2197334000,2197862000,2197933000,2197534000,2196649000,2195259000,2193356000,2190929000,2187982000,2184516000,2180559000,2175928000
Ecuador,ECU,"Population, total",SP.POP.TOTL,17888000,18113000,18324000,18531000,18741000,18955000,19172000,19390000,19606000,19819000,20028000,20233000,20436000,20635000,20832000,21025000,21215000,21401000,21584000,21762000,21937000,22107000,22274000,22436000,22594000,22747000,22896000,23041000,23181000,23316000
"Egypt, Arab Rep.",EGY,"Population, total",SP.POP.TOTL,104258000,106157000,108032000,109887000,111728000,113554000,115367000,117176000,118995000,120832000,122689000,124568000,126469000,128393000,130340000,132312000,134305000,136315000,138332000,140350000,142366000,144379000,146383000,148377000,150355000,152316000,154259000,156181000,158081000,159957000
El Salvador,SLV,"Population, total",SP.POP.TOTL,6519000,6550000,6582000,6613000,6643000,6673000,6701000,6729000,6755000,6779000,6800000,6819000,6837000,6853000,6869000,6884000,6898000,6911000,6922000,6931000,6939000,6945000,6950000,6952000,6953000,6953000,6951000,6948000,6943000,6937000
Equatorial Guinea,GNQ,"Population, total",SP.POP.TOTL,1450000,1497000,1543000,1590000,1637000,1684000,1732000,1779000,1827000,1874000,1920000,1966000,2013000,2059000,2106000,2153000,2201000,2249000,2297000,2346000,2394000,2442000,2490000,2538000,2585000,2633000,2680000,2727000,2774000,2821000
Eritrea,ERI,"Population, total",SP.POP.TOTL,..,..,..,..,..,..,..,..,..,..,..,..,..,..,..,..,..,..,..,..,..,..,..,..,..,..,..,..,..,..
Estonia,EST,"Population, total",SP.POP.TOTL,1326000,1321000,1315000,1309000,1304000,1299000,1294000,1289000,1284000,1278000,1272000,1266000,1260000,1253000,1246000,1239000,1233000,1226000,1220000,1213000,1207000,1201000,1195000,1189000,1183000,1177000,1171000,1165000,1160000,1154000
Eswatini,SWZ,"Population, total",SP.POP.TOTL,1172000,1185000,1198000,1210000,1224000,1237000,1251000,1265000,1281000,1298000,1317000,1337000,1358000,1380000,1401000,1423000,1444000,1465000,1486000,1507000,1528000,1549000,1570000,1590000,1610000,1630000,1649000,1668000,1686000,1704000
Ethiopia,ETH,"Population, total",SP.POP.TOTL,117876000,120813000,123771000,126751000,129749000,132766000,135797000,138839000,141890000,144944000,148001000,151059000,154117000,157175000,160231000,163284000,166333000,169379000,172423000,175466000,178508000,181546000,184578000,187601000,190611000,193605000,196584000,199546000,202488000,205411000
Euro area,EMU,"Population, total",SP.POP.TOTL,342673000,342542000,342351000,342129000,341909000,341686000,341452000,341198000,340908000,340580000,340217000,339829000,339411000,338970000,338501000,338004000,337478000,336916000,336318000,335673000,334986000,334247000,333460000,332623000,331731000,330799000,329825000,328816000,327775000,326672000
Europe & Central Asia,ECS,"Population, total",SP.POP.TOTL,924719000,925952000,926892000,927647000,928329000,928955000,929495000,929948000,930288000,930511000,930639000,930706000,930699000,930628000,930487000,930291000,930046000,929753000,929411000,929017000,928564000,928048000,927465000,926815000,926078000,925269000,924388000,923437000,922406000,921209000
Europe & Central Asia (excluding high income),ECA,"Population, total",SP.POP.TOTL,421478000,422498000,423309000,423994000,424625000,425228000,425785000,426307000,426786000,427218000,427617000,427996000,428354000,428682000,428982000,429261000,429525000,429787000,430037000,430286000,430525000,430753000,430967000,431164000,431339000,431488000,431611000,431707000,431767000,431747000
Europe & Central Asia (IDA & IBRD countries),TEC,"Population, total",SP.POP.TOTL,463345000,464282000,465005000,465593000,466116000,466598000,467021000,467397000,467715000,467976000,468192000,468380000,468537000,468657000,468742000,468801000,468842000,468876000,468898000,468918000,468929000,468931000,468923000,468902000,468860000,468796000,468707000,468593000,468443000,468207000
European Union,EUU,"Population, total",SP.POP.TOTL,447274000,446979000,446621000,446216000,445789000,445335000,444843000,444308000,443711000,443059000,442351000,441606000,440815000,439993000,439132000,438242000,437319000,436358000,435365000,434328000,433253000,432136000,430975000,429774000,428518000,427228000,425895000,424524000,423116000,421629000
Faroe Islands,FRO,"Population, total",SP.POP.TOTL,49000,49000,49000,50000,50000,50000,50000,50000,51000,51000,51000,51000,52000,52000,52000,52000,52000,52000,53000,53000,53000,53000,53000,53000,53000,53000,53000,53000,53000,53000
Fiji,FJI,"Population, total",SP.POP.TOTL,903000,909000,916000,923000,930000,937000,944000,952000,959000,966000,973000,979000,986000,992000,998000,1004000,1010000,1016000,1022000,1027000,1032000,1037000,1042000,1047000,1051000,1055000,1060000,1064000,1068000,1071000
Finland,FIN,"Population, total",SP.POP.TOTL,5536000,5542000,5547000,5552000,5555000,5556000,5556000,5555000,5552000,5548000,5543000,5538000,5533000,5528000,5523000,5517000,5512000,5507000,5503000,5498000,5494000,5489000,5484000,5479000,5474000,5469000,5464000,5458000,5452000,5445000
Fragile and conflict affected situations,FCS,"Population, total",SP.POP.TOTL,952415000,975824000,999972000,1024484000,1049077000,1073674000,1098334000,1123081000,1148000000,1173130000,1198463000,1223957000,1249626000,1275481000,1301533000,1327780000,1354212000,1380805000,1407547000,1434418000,1461400000,1488493000,1515672000,1542920000,1570210000,1597528000,1624870000,1652229000,1679585000,1706939000
France,FRA,"Population, total",SP.POP.TOTL,67534000,67700000,67869000,68029000,68176000,68308000,68424000,68527000,68618000,68700000,68774000,68842000,68905000,68963000,69017000,69067000,69112000,69155000,69193000,69227000,69256000,69279000,69296000,69306000,69308000,69303000,69291000,69273000,69248000,69211000
French Polynesia,PYF,"Population, total",SP.POP.TOTL,283000,284000,286000,287000,289000,291000,292000,294000,295000,297000,298000,299000,301000,302000,303000,304000,305000,306000,307000,308000,308000,309000,309000,310000,310000,310000,311000,311000,311000,311000
Gabon,GAB,"Population, total",SP.POP.TOTL,2279000,2332000,2384000,2436000,2488000,2539000,2591000,2642000,2693000,2744000,2796000,2847000,2898000,2950000,3002000,3054000,3106000,3159000,3212000,3265000,3319000,3373000,3427000,3482000,3537000,3591000,3646000,3700000,3755000,3809000
"Gambia, The",GMB,"Population, total",SP.POP.TOTL,2487000,2558000,2631000,2705000,2780000,2856000,2934000,3012000,3091000,3171000,3251000,3333000,3415000,3498000,3582000,3666000,3751000,3836000,3922000,4008000,4095000,4182000,4269000,4356000,4444000,4531000,4619000,4707000,4795000,4882000
Georgia,GEO,"Population, total",SP.POP.TOTL,3712000,3700000,3688000,3675000,3662000,3648000,3633000,3618000,3603000,3587000,3571000,3554000,3537000,3520000,3503000,3486000,3469000,3452000,3435000,3418000,3401000,3384000,3367000,3350000,3333000,3316000,3299000,3281000,3264000,3246000
Germany,DEU,"Population, total",SP.POP.TOTL,83111000,82989000,82832000,82678000,82558000,82471000,82407000,82354000,82301000,82238000,82163000,82077000,81979000,81871000,81753000,81624000,81483000,81329000,81162000,80981000,80786000,80576000,80354000,80122000,79881000,79634000,79383000,79132000,78883000,78632000
Ghana,GHA,"Population, total",SP.POP.TOTL,31732000,32395000,33063000,33734000,34409000,35087000,35769000,36454000,37142000,37833000,38528000,39225000,39925000,40627000,41332000,42038000,42747000,43457000,44169000,44883000,45597000,46313000,47029000,47745000,48461000,49175000,49888000,50600000,51309000,52016000
Gibraltar,GIB,"Population, total",SP.POP.TOTL,34000,34000,34000,34000,34000,34000,34000,34000,34000,34000,34000,34000,34000,34000,34000,34000,34000,34000,34000,34000,34000,34000,34000,34000,34000,34000,34000,34000,34000,34000
Greece,GRC,"Population, total",SP.POP.TOTL,10641000,10583000,10527000,10474000,10422000,10372000,10323000,10275000,10228000,10182000,10137000,10093000,10049000,10006000,9963000,9920000,9876000,9832000,9787000,9742000,9696000,9649000,9601000,9553000,9503000,9451000,9397000,9342000,9284000,9223000
Greenland,GRL,"Population, total",SP.POP.TOTL,..,..,..,..,..,..,..,..,..,..,..,..,..,..,..,..,..,..,..,..,..,..,..,..,..,..,..,..,..,..
Grenada,GRD,"Population, total",SP.POP.TOTL,113000,113000,114000,114000,115000,115000,115000,115000,116000,116000,116000,116000,116000,116000,116000,116000,116000,116000,116000,116000,116000,116000,116000,116000,116000,116000,116000,116000,116000,116000
Guam,GUM,"Population, total",SP.POP.TOTL,170000,172000,173000,174000,175000,177000,178000,179000,180000,181000,182000,183000,184000,185000,186000,187000,187000,188000,189000,189000,190000,190000,191000,191000,192000,192000,192000,192000,193000,193000
Guatemala,GTM,"Population, total",SP.POP.TOTL,17172000,17485000,17798000,18111000,18422000,18732000,19041000,19348000,19652000,19954000,20254000,20551000,20845000,21135000,21423000,21706000,21986000,22262000,22535000,22805000,23072000,23335000,23594000,23849000,24101000,24349000,24592000,24832000,25066000,25298000
Guinea,GIN,"Population, total",SP.POP.TOTL,13497000,13866000,14239000,14618000,15004000,15397000,15795000,16199000,16608000,17021000,17439000,17861000,18287000,18716000,19150000,19587000,20027000,20470000,20916000,21365000,21816000,22269000,22725000,23184000,23644000,24107000,24571000,25037000,25504000,25972000
Guinea-Bissau,GNB,"Population, total",SP.POP.TOTL,2015000,2063000,2112000,2160000,2209000,2259000,2309000,2359000,2410000,2461000,2513000,2565000,2618000,2671000,2724000,2778000,2832000,2886000,2941000,2996000,3052000,3107000,3163000,3220000,3276000,3332000,3389000,3445000,3501000,3557000
Guyana,GUY,"Population, total",SP.POP.TOTL,790000,794000,798000,801000,805000,809000,812000,815000,819000,822000,824000,827000,829000,830000,832000,833000,834000,835000,835000,835000,835000,835000,834000,834000,833000,832000,830000,829000,827000,825000
Haiti,HTI,"Population, total",SP.POP.TOTL,11542000,11680000,11818000,11954000,12089000,12221000,12352000,12480000,12607000,12733000,12857000,12980000,13101000,13222000,13341000,13459000,13576000,13691000,13805000,13916000,14024000,14130000,14233000,14334000,14432000,14527000,14619000,14709000,14795000,14878000
Heavily indebted poor countries (HIPC),HPC,"Population, total",SP.POP.TOTL,845519000,867840000,890458000,913428000,936772000,960494000,984575000,1009000000,1033747000,1058784000,1084116000,1109730000,1135609000,1161743000,1188124000,1214728000,1241555000,1268581000,1295809000,1323216000,1350797000,1378534000,1406421000,1434437000,1462569000,1490800000,1519122000,1547530000,1575989000,1604508000
High income,HIC,"Population, total",SP.POP.TOTL,1220258000,1223593000,1226701000,1229642000,1232491000,1235236000,1237858000,1240338000,1242640000,1244773000,1246743000,1248582000,1250256000,1251784000,1253148000,1254359000,1255417000,1256316000,1257078000,1257697000,1258188000,1258545000,1258775000,1258894000,1258880000,1258760000,1258552000,1258262000,1257893000,1257338000
Honduras,HND,"Population, total",SP.POP.TOTL,10063000,10221000,10379000,10536000,10692000,10847000,11000000,11152000,11302000,11449000,11594000,11737000,11877000,12014000,12148000,12280000,12410000,12536000,12660000,12780000,12898000,13013000,13125000,13234000,13341000,13445000,13546000,13644000,13739000,13831000
"Hong Kong SAR, China",HKG,"Population, total",SP.POP.TOTL,7531000,7580000,7631000,7685000,7743000,7802000,7860000,7912000,7956000,7989000,8013000,8029000,8039000,8045000,8048000,8048000,8046000,8040000,8032000,8020000,8006000,7990000,7972000,7953000,7933000,7913000,7894000,7875000,7858000,7841000
Hungary,HUN,"Population, total",SP.POP.TOTL,9721000,9690000,9659000,9626000,9593000,9558000,9523000,9486000,9448000,9408000,9367000,9324000,9279000,9233000,9185000,9137000,9089000,9041000,8994000,8947000,8901000,8857000,8813000,8771000,8730000,8689000,8649000,8609000,8568000,8526000
IBRD only,IBD,"Population, total",SP.POP.TOTL,..,..,..,..,..,..,..,..,..,..,..,..,..,..,..,..,..,..,..,..,..,..,..,..,..,..,..,..,..,..
Iceland,ISL,"Population, total",SP.POP.TOTL,369000,371000,373000,375000,377000,378000,380000,382000,384000,385000,386000,388000,389000,390000,391000,392000,393000,394000,395000,396000,397000,397000,398000,398000,399000,399000,400000,400000,400000,400000
IDA & IBRD total,IBT,"Population, total",SP.POP.TOTL,6646245000,6720966000,6794929000,6868044000,6940270000,7011574000,7081968000,7151484000,7220147000,7287961000,7354900000,7420930000,7486007000,7550103000,7613263000,7675488000,7736834000,7797302000,7856893000,7915584000,7973326000,8030077000,8085817000,8140501000,8194102000,8246579000,8297930000,8348134000,8397172000,8444808000
IDA blend,IDB,"Population, total",SP.POP.TOTL,..,..,..,..,..,..,..,..,..,..,..,..,..,..,..,..,..,..,..,..,..,..,..,..,..,..,..,..,..,..
IDA only,IDX,"Population, total",SP.POP.TOTL,..,..,..,..,..,..,..,..,..,..,..,..,..,..,..,..,..,..,..,..,..,..,..,..,..,..,..,..,..,..
IDA total,IDA,"Population, total",SP.POP.TOTL,..,..,..,..,..,..,..,..,..,..,..,..,..,..,..,..,..,..,..,..,..,..,..,..,..,..,..,..,..,..
India,IND,"Population, total",SP.POP.TOTL,1393409000,1406632000,1419656000,1432456000,1445012000,1457309000,1469339000,1481083000,1492524000,1503642000,1514427000,1524862000,1534914000,1544544000,1553724000,1562439000,1570690000,1578478000,1585809000,1592692000,1599124000,1605109000,1610670000,1615832000,1620619000,1625039000,1629096000,1632799000,1636157000,1639176000
Indonesia,IDN,"Population, total",SP.POP.TOTL,276362000,279135000,281844000,284495000,287090000,289628000,292109000,294533000,296896000,299198000,301439000,303618000,305733000,307783000,309765000,311679000,313525000,315300000,317005000,318638000,320199000,321688000,323103000,324442000,325705000,326892000,328004000,329042000,330008000,330905000
"Iran, Islamic Rep.",IRN,"Population, total",SP.POP.TOTL,85029000,86023000,86976000,87892000,88775000,89623000,90433000,91208000,91951000,92664000,93348000,94005000,94638000,95250000,95844000,96422000,96985000,97534000,98070000,98594000,99106000,99606000,100094000,100570000,101032000,101480000,101913000,102329000,102725000,103098000
Iraq,IRQ,"Population, total",SP.POP.TOTL,41179000,42165000,43171000,44182000,45187000,46186000,47183000,48181000,49184000,50194000,51212000,52236000,53267000,54303000,55343000,56386000,57433000,58483000,59533000,60584000,61633000,62681000,63726000,64769000,65809000,66845000,67876000,68903000,69924000,70940000
Ireland,IRL,"Population, total",SP.POP.TOTL,5025000,5057000,5085000,5111000,5137000,5164000,5191000,5218000,5244000,5268000,5291000,5314000,5336000,5359000,5381000,5404000,5426000,5449000,5472000,5495000,5517000,5539000,5561000,5582000,5601000,5620000,5638000,5654000,5669000,5682000
Isle of Man,IMN,"Population, total",SP.POP.TOTL,85000,86000,86000,86000,87000,87000,87000,87000,88000,88000,88000,89000,89000,89000,89000,89000,90000,90000,90000,90000,90000,90000,90000,91000,91000,91000,91000,91000,91000,91000
Israel,ISR,"Population, total",SP.POP.TOTL,9357000,9497000,9637000,9776000,9914000,10053000,10191000,10329000,10467000,10605000,10743000,10881000,11019000,11157000,11297000,11437000,11579000,11721000,11865000,12010000,12156000,12303000,12451000,12599000,12748000,12896000,13045000,13193000,13340000,13487000
Italy,ITA,"Population, total",SP.POP.TOTL,59325000,59202000,59075000,58937000,58783000,58617000,58439000,58254000,58064000,57875000,57686000,57499000,57313000,57128000,56941000,56752000,56559000,56360000,56152000,55934000,55703000,55458000,55198000,54922000,54628000,54320000,53997000,53662000,53316000,52953000
Jamaica,JAM,"Population, total",SP.POP.TOTL,2973000,2985000,2996000,3006000,3015000,3024000,3031000,3038000,3043000,3048000,3052000,3055000,3057000,3058000,3058000,3057000,3055000,3053000,3049000,3045000,3040000,3034000,3027000,3020000,3012000,3003000,2993000,2983000,2972000,2960000
Japan,JPN,"Population, total",SP.POP.TOTL,125300000,124747000,124167000,123554000,122907000,122227000,121517000,120783000,120029000,119263000,118490000,117716000,116943000,116176000,115417000,114668000,113930000,113206000,112494000,111794000,111104000,110420000,109739000,109060000,108378000,107692000,107000000,106301000,105591000,104854000
Jordan,JOR,"Population, total",SP.POP.TOTL,10269000,10301000,10312000,10321000,10340000,10375000,10426000,10492000,10569000,10655000,10751000,10858000,10974000,11096000,11224000,11355000,11489000,11624000,11757000,11887000,12011000,12131000,12245000,12355000,12462000,12564000,12662000,12756000,12846000,12932000
Kazakhstan,KAZ,"Population, total",SP.POP.TOTL,18970000,19181000,19384000,19580000,19767000,19947000,20121000,20291000,20460000,20628000,20797000,20967000,21138000,21309000,21482000,21656000,21832000,22010000,22188000,22366000,22542000,22717000,22890000,23060000,23227000,23390000,23550000,23707000,23859000,24008000
Kenya,KEN,"Population, total",SP.POP.TOTL,54986000,56215000,57459000,58715000,59981000,61258000,62544000,63839000,65141000,66450000,67763000,69081000,70399000,71715000,73026000,74331000,75628000,76917000,78198000,79470000,80732000,81983000,83223000,84452000,85669000,86875000,88068000,89248000,90417000,91575000
Kiribati,KIR,"Population, total",SP.POP.TOTL,121000,123000,126000,128000,130000,132000,134000,135000,137000,139000,141000,143000,145000,146000,148000,150000,152000,154000,156000,157000,159000,161000,163000,165000,167000,169000,171000,173000,175000,177000
"Korea, Dem. People's Rep.",PRK,"Population, total",SP.POP.TOTL,25887000,25991000,26090000,26185000,26275000,26362000,26444000,26520000,26590000,26651000,26705000,26751000,26789000,26820000,26843000,26859000,26868000,26871000,26867000,26858000,26844000,26825000,26803000,26776000,26747000,26715000,26680000,26644000,26604000,26562000
"Korea, Rep.",KOR,"Population, total",SP.POP.TOTL,51845000,51843000,51835000,51819000,51795000,51762000,51720000,51670000,51615000,51553000,51480000,51395000,51294000,51175000,51034000,50872000,50685000,50474000,50239000,49983000,49708000,49418000,49113000,48797000,48471000,48134000,47788000,47432000,47067000,46682000
Kosovo,XKX,"Population, total",SP.POP.TOTL,1796000,1801000,1805000,1807000,1810000,1811000,1811000,1811000,1810000,1808000,1805000,1801000,1798000,1793000,1788000,1782000,1775000,1769000,1762000,1755000,1746000,1738000,1730000,1720000,1710000,1699000,1688000,1677000,1666000,1653000
Kuwait,KWT,"Population, total",SP.POP.TOTL,4329000,4380000,4428000,4473000,4518000,4563000,4609000,4656000,4702000,4747000,4791000,4834000,4876000,4918000,4959000,5000000,5040000,5079000,5116000,5153000,5187000,5219000,5250000,5278000,5304000,5326000,5347000,5364000,5380000,5393000
Kyrgyz Republic,KGZ,"Population, total",SP.POP.TOTL,6684000,6784000,6881000,6975000,7068000,7160000,7251000,7340000,7429000,7517000,7605000,7693000,7781000,7870000,7959000,8049000,8138000,8229000,8318000,8407000,8496000,8583000,8670000,8756000,8841000,8925000,9007000,9088000,9168000,9246000
Lao PDR,LAO,"Population, total",SP.POP.TOTL,7379000,7481000,7581000,7678000,7775000,7869000,7961000,8052000,8140000,8226000,8310000,8392000,8472000,8550000,8626000,8699000,8771000,8840000,8907000,8972000,9034000,9094000,9152000,9207000,9259000,9309000,9356000,9400000,9441000,9480000
Late-demographic dividend,LTE,"Population, total",SP.POP.TOTL,2325717000,2333809000,2340964000,2347318000,2353006000,2358078000,2362545000,2366422000,2369674000,2372289000,2374254000,2375595000,2376305000,2376412000,2375971000,2375039000,2373666000,2371893000,2369731000,2367179000,2364225000,2360837000,2357014000,2352747000,2348014000,2342806000,2337126000,2330977000,2324388000,2317119000
Latin America & Caribbean,LCN,"Population, total",SP.POP.TOTL,658059000,663756000,669341000,674799000,680108000,685258000,690252000,695085000,699755000,704257000,708588000,712752000,716743000,720561000,724221000,727708000,731033000,734190000,737181000,740013000,742686000,745200000,747558000,749763000,751817000,753720000,755474000,757085000,758536000,759838000
Latin America & Caribbean (excluding high income),LAC,"Population, total",SP.POP.TOTL,600635000,605690000,610482000,615126000,619711000,624254000,628726000,633107000,637366000,641478000,645437000,649256000,652931000,656455000,659839000,663069000,666153000,669088000,671876000,674520000,677023000,679382000,681603000,683680000,685624000,687431000,689100000,690639000,692033000,693287000
Latin America & the Caribbean (IDA & IBRD countries),TLA,"Population, total",SP.POP.TOTL,642276000,647958000,653526000,658966000,664272000,669433000,674448000,679310000,684017000,688563000,692942000,697155000,701202000,705076000,708793000,712343000,715729000,718950000,722011000,724913000,727660000,730253000,732692000,734978000,737118000,739112000,740958000,742664000,744214000,745617000
Latvia,LVA,"Population, total",SP.POP.TOTL,1882000,1865000,1848000,1831000,1815000,1799000,1784000,1769000,1754000,1739000,1724000,1710000,1696000,1682000,1668000,1654000,1641000,1629000,1616000,1604000,1593000,1581000,1570000,1559000,1549000,1539000,1529000,1519000,1510000,1501000
Least developed countries: UN classification,LDC,"Population, total",SP.POP.TOTL,1081501000,1106201000,1131198000,1156482000,1182033000,1207836000,1233876000,1260147000,1286654000,1313375000,1340314000,1367453000,1394776000,1422272000,1449936000,1477742000,1505690000,1533763000,1561959000,1590256000,1618648000,1647120000,1675667000,1704266000,1732902000,1761563000,1790242000,1818925000,1847592000,1876242000
Lebanon,LBN,"Population, total",SP.POP.TOTL,6769000,6685000,6585000,6485000,6397000,6327000,6274000,6237000,6211000,6195000,6187000,6190000,6202000,6220000,6242000,6266000,6294000,6323000,6350000,6376000,6399000,6419000,6437000,6453000,6468000,6482000,6495000,6507000,6518000,6528000
Lesotho,LSO,"Population, total",SP.POP.TOTL,2159000,2176000,2192000,2210000,2228000,2246000,2266000,2286000,2306000,2325000,2344000,2363000,2382000,2400000,2418000,2436000,2454000,2472000,2490000,2507000,2525000,2542000,2559000,2575000,2591000,2607000,2622000,2637000,2651000,2665000
Liberia,LBR,"Population, total",SP.POP.TOTL,5180000,5305000,5432000,5561000,5692000,5825000,5959000,6095000,6233000,6372000,6512000,6654000,6797000,6941000,7086000,7232000,7379000,7527000,7676000,7825000,7975000,8126000,8277000,8428000,8580000,8732000,8884000,9036000,9188000,9340000
Libya,LBY,"Population, total",SP.POP.TOTL,6959000,7041000,7119000,7194000,7268000,7340000,7410000,7477000,7543000,7606000,7668000,7728000,7785000,7842000,7897000,7950000,8003000,8053000,8103000,8151000,8197000,8242000,8286000,8327000,8366000,8403000,8437000,8469000,8499000,8525000
Liechtenstein,LIE,"Population, total",SP.POP.TOTL,38000,38000,39000,39000,39000,39000,39000,39000,39000,39000,40000,40000,40000,40000,40000,40000,40000,40000,40000,40000,40000,40000,40000,40000,40000,40000,40000,40000,40000,40000
Lithuania,LTU,"Population, total",SP.POP.TOTL,2766000,2740000,2717000,2695000,2673000,2652000,2631000,2611000,2590000,2570000,2550000,2530000,2510000,2490000,2469000,2449000,2429000,2409000,2390000,2371000,2353000,2335000,2317000,2300000,2283000,2266000,2250000,2235000,2220000,2205000
Low & middle income,LMY,"Population, total",SP.POP.TOTL,6593470000,6667865000,6741356000,6813983000,6885801000,6956812000,7026995000,7096370000,7164934000,7232663000,7299537000,7365528000,7430590000,7494694000,7557878000,7620136000,7681531000,7742062000,7801722000,7860493000,7918322000,7975163000,8031001000,8085783000,8139490000,8192075000,8243540000,8293863000,8343026000,8390798000
Low income,LIC,"Population, total",SP.POP.TOTL,683005000,701411000,720239000,739335000,758568000,777897000,797327000,816866000,836548000,856380000,876358000,896458000,916685000,937054000,957567000,978224000,999011000,1019923000,1040954000,1062090000,1083326000,1104649000,1126055000,1147522000,1169032000,1190577000,1212147000,1233738000,1255327000,1276916000
Lower middle income,LMC,"Population, total",SP.POP.TOTL,3375427000,3419971000,3464242000,3508202000,3551837000,3595112000,3638006000,3680512000,3722629000,3764351000,3805663000,3846557000,3886985000,3926925000,3966368000,4005268000,4043645000,4081474000,4118746000,4155458000,4191597000,4227148000,4262113000,4296479000,4330243000,4363394000,4395933000,4427842000,4459118000,4489745000
Luxembourg,LUX,"Population, total",SP.POP.TOTL,638000,645000,651000,657000,663000,668000,674000,680000,686000,691000,697000,702000,708000,713000,718000,723000,728000,733000,738000,742000,747000,751000,756000,760000,764000,768000,772000,776000,780000,783000
"Macao SAR, China",MAC,"Population, total",SP.POP.TOTL,658000,667000,677000,685000,694000,702000,710000,718000,725000,732000,739000,745000,751000,757000,763000,769000,775000,780000,785000,791000,796000,801000,806000,811000,816000,820000,825000,830000,834000,838000
Madagascar,MDG,"Population, total",SP.POP.TOTL,28427000,29178000,29943000,30720000,31510000,32311000,33124000,33948000,34781000,35622000,36472000,37329000,38194000,39067000,39949000,40838000,41735000,42640000,43552000,44471000,45398000,46331000,47272000,48220000,49175000,50137000,51106000,52082000,53062000,54048000
Malawi,MWI,"Population, total",SP.POP.TOTL,19648000,20181000,20728000,21288000,21857000,22437000,23027000,23627000,24234000,24849000,25472000,26101000,26736000,27376000,28022000,28673000,29328000,29987000,30650000,31317000,31988000,32663000,33341000,34021000,34704000,35388000,36074000,36762000,37452000,38143000
Malaysia,MYS,"Population, total",SP.POP.TOTL,32776000,33181000,33579000,33969000,34350000,34720000,35080000,35429000,35767000,36095000,36412000,36718000,37012000,37295000,37566000,37825000,38073000,38309000,38536000,38755000,38965000,39166000,39361000,39548000,39730000,39905000,40075000,40239000,40397000,40550000
Maldives,MDV,"Population, total",SP.POP.TOTL,544000,541000,535000,528000,522000,519000,517000,517000,518000,519000,522000,525000,530000,534000,538000,542000,546000,549000,553000,556000,560000,563000,567000,570000,573000,576000,579000,582000,584000,586000
Mali,MLI,"Population, total",SP.POP.TOTL,20856000,21474000,22106000,22753000,23416000,24095000,24789000,25498000,26221000,26957000,27706000,28467000,29239000,30024000,30819000,31625000,32442000,33267000,34099000,34939000,35783000,36633000,37489000,38348000,39213000,40081000,40952000,41827000,42705000,43586000
Malta,MLT,"Population, total",SP.POP.TOTL,516000,518000,519000,520000,521000,521000,521000,521000,521000,520000,519000,518000,517000,516000,515000,513000,512000,510000,509000,507000,505000,503000,502000,500000,498000,497000,495000,494000,492000,491000
Marshall Islands,MHL,"Population, total",SP.POP.TOTL,60000,60000,61000,61000,62000,62000,63000,64000,64000,65000,66000,66000,67000,68000,68000,69000,70000,70000,71000,71000,72000,72000,73000,73000,74000,74000,74000,75000,75000,75000
Mauritania,MRT,"Population, total",SP.POP.TOTL,4775000,4902000,5030000,5160000,5291000,5423000,5557000,5692000,5829000,5967000,6107000,6248000,6391000,6535000,6681000,6828000,6977000,7127000,7279000,7432000,7586000,7742000,7899000,8056000,8215000,8376000,8537000,8699000,8861000,9025000
Mauritius,MUS,"Population, total",SP.POP.TOTL,1267000,1269000,1270000,1270000,1271000,1271000,1270000,1270000,1269000,1268000,1266000,1264000,1262000,1259000,1256000,1253000,1249000,1245000,1241000,1236000,1231000,1226000,1220000,1215000,1208000,1202000,1196000,1189000,1183000,1176000
Mexico,MEX,"Population, total",SP.POP.TOTL,130262000,131563000,132834000,134074000,135284000,136462000,137609000,138725000,139814000,140876000,141912000,142921000,143900000,144845000,145755000,146628000,147464000,148264000,149029000,149759000,150454000,151115000,151740000,152331000,152887000,153409000,153897000,154350000,154768000,155151000
"Micronesia, Fed. Sts.",FSM,"Population, total",SP.POP.TOTL,116000,117000,119000,120000,121000,122000,123000,125000,126000,127000,128000,129000,130000,130000,131000,132000,133000,133000,134000,135000,135000,136000,136000,137000,137000,137000,138000,138000,139000,139000
Middle East & North Africa,MEA,"Population, total",SP.POP.TOTL,472485000,480522000,488562000,496473000,504167000,511608000,518820000,525837000,532700000,539453000,546094000,552621000,559058000,565442000,571796000,578126000,584439000,590722000,596966000,603161000,609303000,615393000,621422000,627379000,633250000,639024000,644708000,650287000,655758000,661107000
Middle East & North Africa (excluding high income),MNA,"Population, total",SP.POP.TOTL,403049000,410112000,417231000,424254000,431081000,437669000,444042000,450238000,456316000,462322000,468255000,474112000,479911000,485681000,491442000,497198000,502955000,508702000,514421000,520104000,525745000,531345000,536894000,542387000,547809000,553155000,558426000,563608000,568693000,573667000
Middle East & North Africa (IDA & IBRD countries),TMN,"Population, total",SP.POP.TOTL,398130000,405078000,412080000,418987000,425698000,432169000,438425000,444503000,450463000,456351000,462166000,467905000,473585000,479236000,484878000,490516000,496154000,501782000,507383000,512948000,518472000,523955000,529388000,534765000,540073000,545305000,550462000,555532000,560506000,565369000
Middle income,MIC,"Population, total",SP.POP.TOTL,5910465000,5966454000,6021117000,6074648000,6127233000,6178915000,6229668000,6279504000,6328386000,6376283000,6423179000,6469070000,6513905000,6557640000,6600311000,6641912000,6682520000,6722139000,6760768000,6798403000,6834996000,6870514000,6904946000,6938261000,6970458000,7001498000,7031393000,7060125000,7087699000,7113882000
Moldova,MDA,"Population, total",SP.POP.TOTL,2614000,2606000,2598000,2589000,2579000,2569000,2558000,2546000,2533000,2519000,2505000,2490000,2474000,2457000,2439000,2422000,2403000,2385000,2367000,2348000,2330000,2311000,2292000,2274000,2255000,2236000,2218000,2199000,2180000,2161000
Monaco,MCO,"Population, total",SP.POP.TOTL,40000,40000,40000,40000,41000,41000,41000,41000,42000,42000,42000,42000,42000,43000,43000,43000,43000,44000,44000,44000,44000,44000,45000,45000,45000,45000,45000,46000,46000,46000
Mongolia,MNG,"Population, total",SP.POP.TOTL,3329000,3378000,3425000,3470000,3514000,3557000,3598000,3638000,3677000,3716000,3754000,3792000,3830000,3867000,3904000,3941000,3978000,4015000,4052000,4089000,4126000,4163000,4200000,4236000,4273000,4309000,4345000,4380000,4415000,4449000
Montenegro,MNE,"Population, total",SP.POP.TOTL,621000,621000,621000,621000,620000,620000,619000,619000,618000,617000,616000,615000,614000,612000,611000,609000,607000,606000,604000,602000,600000,598000,596000,594000,592000,589000,587000,585000,583000,581000
Morocco,MAR,"Population, total",SP.POP.TOTL,37345000,37773000,38194000,38606000,39010000,39404000,39789000,40164000,40530000,40887000,41236000,41576000,41906000,42228000,42541000,42845000,43141000,43427000,43705000,43973000,44233000,44483000,44725000,44958000,45182000,45396000,45602000,45799000,45987000,46165000
Mozambique,MOZ,"Population, total",SP.POP.TOTL,32163000,33089000,34035000,35000000,35985000,36989000,38012000,39053000,40111000,41185000,42275000,43381000,44501000,45637000,46786000,47950000,49127000,50316000,51518000,52729000,53951000,55182000,56422000,57671000,58928000,60193000,61464000,62742000,64025000,65313000
Myanmar,MMR,"Population, total",SP.POP.TOTL,54806000,55227000,55664000,56101000,56528000,56943000,57346000,57736000,58114000,58478000,58829000,59164000,59482000,59782000,60065000,60329000,60574000,60801000,61010000,61202000,61376000,61533000,61674000,61800000,61910000,62005000,62086000,62154000,62210000,62253000
Namibia,NAM,"Population, total",SP.POP.TOTL,2587000,2634000,2680000,2727000,2774000,2821000,2868000,2916000,2963000,3011000,3059000,3107000,3155000,3204000,3252000,3301000,3350000,3399000,3448000,3497000,3546000,3595000,3644000,3693000,3742000,3790000,3839000,3887000,3934000,3981000
Nauru,NRU,"Population, total",SP.POP.TOTL,11000,11000,11000,11000,11000,11000,11000,11000,11000,11000,11000,11000,11000,11000,11000,11000,11000,11000,11000,11000,11000,11000,11000,11000,11000,11000,11000,11000,11000,11000
Nepal,NPL,"Population, total",SP.POP.TOTL,29675000,30226000,30770000,31286000,31757000,32175000,32539000,32855000,33136000,33390000,33617000,33817000,33993000,34152000,34300000,34437000,34566000,34685000,34793000,34889000,34975000,35050000,35116000,35173000,35221000,35260000,35290000,35311000,35322000,35324000
Netherlands,NLD,"Population, total",SP.POP.TOTL,17477000,17513000,17548000,17581000,17611000,17637000,17659000,17678000,17693000,17704000,17712000,17718000,17721000,17722000,17720000,17715000,17707000,17696000,17682000,17664000,17643000,17619000,17592000,17562000,17529000,17495000,17458000,17420000,17380000,17339000
New Caledonia,NCL,"Population, total",SP.POP.TOTL,275000,277000,280000,282000,285000,287000,289000,292000,294000,296000,298000,301000,303000,305000,307000,309000,311000,313000,315000,316000,318000,319000,321000,322000,324000,325000,326000,327000,328000,329000
New Zealand,NZL,"Population, total",SP.POP.TOTL,5123000,5160000,5197000,5233000,5269000,5303000,5336000,5368000,5399000,5429000,5458000,5486000,5512000,5538000,5563000,5587000,5610000,5633000,5654000,5674000,5694000,5713000,5731000,5748000,5764000,5779000,5794000,5809000,5823000,5836000
Nicaragua,NIC,"Population, total",SP.POP.TOTL,6702000,6779000,6855000,6931000,7008000,7085000,7163000,7241000,7317000,7392000,7465000,7536000,7605000,7673000,7740000,7805000,7868000,7930000,7990000,8049000,8106000,8161000,8214000,8265000,8314000,8362000,8407000,8451000,8492000,8531000
Niger,NER,"Population, total",SP.POP.TOTL,25131000,26084000,27066000,28080000,29126000,30204000,31315000,32458000,33636000,34846000,36090000,37367000,38678000,40021000,41396000,42804000,44243000,45713000,47214000,48746000,50307000,51897000,53516000,55163000,56837000,58538000,60264000,62016000,63792000,65593000
Nigeria,NGA,"Population, total",SP.POP.TOTL,211401000,216747000,222182000,227713000,233343000,239073000,244902000,250830000,256855000,262977000,269195000,275508000,281912000,288406000,294986000,301650000,308394000,315215000,322107000,329067000,336090000,343173000,350309000,357491000,364712000,371967000,379254000,386573000,393926000,401315000
North America,NAC,"Population, total",SP.POP.TOTL,371730000,373903000,376057000,378195000,380324000,382440000,384537000,386606000,388647000,390667000,392664000,394631000,396558000,398433000,400249000,402006000,403703000,405347000,406940000,408486000,409990000,411456000,412887000,414293000,415676000,417048000,418415000,419783000,421155000,422498000
North Macedonia,MKD,"Population, total",SP.POP.TOTL,2072000,2070000,2068000,2066000,2063000,2059000,2055000,2051000,2046000,2040000,2033000,2026000,2018000,2010000,2001000,1992000,1982000,1973000,1962000,1952000,1942000,1931000,1920000,1909000,1898000,1887000,1876000,1865000,1854000,1842000
Northern Mariana Islands,MNP,"Population, total",SP.POP.TOTL,58000,58000,59000,59000,59000,60000,60000,60000,61000,61000,61000,62000,62000,62000,62000,63000,63000,63000,63000,63000,63000,63000,63000,63000,63000,63000,62000,62000,62000,62000
Norway,NOR,"Population, total",SP.POP.TOTL,5424000,5470000,5517000,5563000,5608000,5652000,5696000,5738000,5779000,5819000,5859000,5899000,5938000,5976000,6014000,6051000,6088000,6124000,6159000,6194000,6228000,6262000,6294000,6327000,6358000,6389000,6419000,6449000,6478000,6506000
Not classified,INX,"Population, total",SP.POP.TOTL,..,..,..,..,..,..,..,..,..,..,..,..,..,..,..,..,..,..,..,..,..,..,..,..,..,..,..,..,..,..
OECD members,OED,"Population, total",SP.POP.TOTL,1377718000,1382161000,1386179000,1389987000,1393772000,1397559000,1401295000,1404950000,1408471000,1411846000,1415083000,1418210000,1421192000,1424011000,1426637000,1429071000,1431308000,1433352000,1435217000,1436905000,1438420000,1439760000,1440923000,1441930000,1442761000,1443448000,1443997000,1444412000,1444693000,1444732000
Oman,OMN,"Population, total",SP.POP.TOTL,5223000,5324000,5412000,5494000,5573000,5651000,5728000,5802000,5872000,5936000,5995000,6049000,6099000,6148000,6197000,6245000,6294000,6342000,6390000,6437000,6484000,6531000,6577000,6624000,6672000,6721000,6770000,6819000,6868000,6915000
Other small states,OSS,"Population, total",SP.POP.TOTL,32458000,32969000,33464000,33955000,34451000,34945000,35446000,35949000,36448000,36943000,37435000,37927000,38416000,38900000,39381000,39857000,40334000,40806000,41278000,41742000,42211000,42672000,43132000,43589000,44042000,44488000,44935000,45372000,45808000,46234000
Pacific island small states,PSS,"Population, total",SP.POP.TOTL,2566000,2603000,2644000,2683000,2721000,2762000,2802000,2843000,2882000,2923000,2965000,3005000,3048000,3087000,3129000,3170000,3214000,3254000,3297000,3340000,3380000,3423000,3465000,3507000,3548000,3589000,3633000,3675000,3715000,3755000
Pakistan,PAK,"Population, total",SP.POP.TOTL,225200000,229489000,233757000,238006000,242234000,246439000,250617000,254764000,258878000,262959000,267003000,271012000,274989000,278938000,282863000,286765000,290640000,294492000,298321000,302129000,305915000,309676000,313404000,317089000,320724000,324303000,327826000,331287000,334684000,338013000
Palau,PLW,"Population, total",SP.POP.TOTL,18000,18000,18000,18000,18000,18000,18000,18000,18000,18000,18000,18000,18000,18000,18000,18000,18000,18000,18000,18000,18000,18000,18000,18000,18000,18000,18000,18000,18000,18000
Panama,PAN,"Population, total",SP.POP.TOTL,4382000,4447000,4511000,4574000,4635000,4696000,4755000,4814000,4871000,4928000,4983000,5038000,5092000,5145000,5197000,5248000,5298000,5347000,5395000,5442000,5488000,5533000,5577000,5619000,5661000,5702000,5741000,5780000,5817000,5853000
Papua New Guinea,PNG,"Population, total",SP.POP.TOTL,9119000,9292000,9466000,9642000,9818000,9995000,10173000,10351000,10530000,10709000,10889000,11069000,11249000,11428000,11607000,11785000,11963000,12140000,12317000,12493000,12668000,12842000,13016000,13189000,13361000,13532000,13702000,13870000,14038000,14204000
Paraguay,PRY,"Population, total",SP.POP.TOTL,7220000,7306000,7391000,7475000,7558000,7639000,7719000,7797000,7874000,7950000,8024000,8097000,8168000,8237000,8304000,8370000,8433000,8495000,8555000,8614000,8670000,8725000,8779000,8830000,8880000,8928000,8974000,9018000,9061000,9102000
Peru,PER,"Population, total",SP.POP.TOTL,33359000,33684000,33966000,34236000,34518000,34815000,35120000,35429000,35735000,36031000,36317000,36596000,36868000,37132000,37388000,37636000,37876000,38108000,38333000,38552000,38765000,38972000,39172000,39365000,39551000,39730000,39903000,40067000,40224000,40374000
Philippines,PHL,"Population, total",SP.POP.TOTL,111047000,112509000,113964000,115407000,116833000,118241000,119633000,121006000,122361000,123698000,125015000,126312000,127584000,128827000,130040000,131219000,132366000,133481000,134564000,135619000,136644000,137638000,138602000,139535000,140438000,141311000,142153000,142964000,143742000,144488000
Poland,POL,"Population, total",SP.POP.TOTL,37842000,37781000,37714000,37638000,37552000,37453000,37341000,37218000,37081000,36934000,36775000,36608000,36432000,36250000,36061000,35867000,35670000,35469000,35267000,35065000,34863000,34664000,34468000,34276000,34086000,33899000,33713000,33529000,33345000,33155000
Portugal,PRT,"Population, total",SP.POP.TOTL,10265000,10234000,10204000,10174000,10143000,10112000,10080000,10048000,10015000,9981000,9947000,9912000,9876000,9840000,9802000,9765000,9726000,9686000,9645000,9603000,9559000,9515000,9468000,9420000,9370000,9319000,9267000,9214000,9160000,9103000
Post-demographic dividend,PST,"Population, total",SP.POP.TOTL,1119076000,1120995000,1122779000,1124452000,1126057000,1127582000,1129006000,1130310000,1131482000,1132536000,1133474000,1134316000,1135041000,1135661000,1136162000,1136556000,1136835000,1137002000,1137063000,1137013000,1136860000,1136598000,1136231000,1135775000,1135215000,1134576000,1133873000,1133114000,1132292000,1131303000
Pre-demographic dividend,PRE,"Population, total",SP.POP.TOTL,997156000,1023976000,1051256000,1079019000,1107264000,1135995000,1165207000,1194888000,1225031000,1255612000,1286630000,1318075000,1349923000,1382153000,1414748000,1447686000,1480957000,1514541000,1548424000,1582586000,1617010000,1651678000,1686578000,1721685000,1756979000,1792445000,1828069000,1863842000,1899746000,1935787000
Puerto Rico,PRI,"Population, total",SP.POP.TOTL,3277000,3295000,3323000,3349000,3365000,3370000,3365000,3352000,3335000,3314000,3291000,3266000,3240000,3215000,3190000,3165000,3141000,3117000,3092000,3067000,3042000,3016000,2989000,2963000,2935000,2907000,2879000,2850000,2820000,2790000
Qatar,QAT,"Population, total",SP.POP.TOTL,2931000,2980000,3029000,3076000,3122000,3165000,3207000,3249000,3288000,3327000,3364000,3400000,3434000,3467000,3497000,3526000,3553000,3579000,3604000,3629000,3653000,3677000,3701000,3724000,3747000,3769000,3790000,3811000,3831000,3851000
Romania,ROU,"Population, total",SP.POP.TOTL,19156000,19069000,18989000,18910000,18826000,18738000,18646000,18551000,18453000,18355000,18254000,18153000,18050000,17945000,17839000,17732000,17625000,17519000,17413000,17308000,17204000,17103000,17003000,16905000,16807000,16709000,16608000,16505000,16398000,16286000
Russian Federation,RUS,"Population, total",SP.POP.TOTL,144021000,143892000,143719000,143505000,143256000,142972000,142653000,142299000,141911000,141492000,141046000,140579000,140096000,139603000,139107000,138616000,138135000,137669000,137222000,136797000,136395000,136016000,135660000,135327000,135016000,134727000,134459000,134209000,133974000,133727000
Rwanda,RWA,"Population, total",SP.POP.TOTL,13277000,13600000,13924000,14250000,14577000,14906000,15236000,15568000,15900000,16234000,16570000,16906000,17243000,17582000,17922000,18262000,18604000,18946000,19290000,19634000,19979000,20324000,20669000,21014000,21357000,21699000,22039000,22378000,22714000,23048000
Samoa,WSM,"Population, total",SP.POP.TOTL,200000,202000,205000,207000,209000,212000,214000,216000,218000,220000,223000,225000,227000,230000,232000,234000,237000,239000,241000,244000,246000,249000,251000,254000,256000,258000,261000,263000,265000,267000
San Marino,SMR,"Population, total",SP.POP.TOTL,34000,34000,34000,34000,34000,34000,34000,34000,34000,34000,34000,34000,34000,34000,34000,34000,34000,34000,34000,34000,34000,34000,34000,34000,34000,34000,34000,34000,34000,34000
Sao Tome and Principe,STP,"Population, total",SP.POP.TOTL,223000,228000,232000,237000,242000,247000,252000,257000,263000,268000,274000,280000,285000,291000,297000,303000,310000,316000,322000,328000,335000,341000,348000,354000,361000,367000,374000,381000,387000,394000
Saudi Arabia,SAU,"Population, total",SP.POP.TOTL,35341000,35845000,36329000,36797000,37249000,37688000,38115000,38531000,38933000,39322000,39699000,40063000,40415000,40752000,41073000,41379000,41669000,41946000,42214000,42473000,42725000,42970000,43206000,43432000,43649000,43855000,44050000,44234000,44405000,44562000
Senegal,SEN,"Population, total",SP.POP.TOTL,17196000,17654000,18117000,18586000,19062000,19546000,20036000,20534000,21039000,21551000,22072000,22599000,23134000,23677000,24228000,24786000,25352000,25924000,26503000,27088000,27678000,28273000,28874000,29478000,30088000,30701000,31318000,31938000,32561000,33187000
Serbia,SRB,"Population, total",SP.POP.TOTL,6863000,6825000,6786000,6746000,6705000,6663000,6621000,6577000,6533000,6486000,6439000,6390000,6341000,6290000,6240000,6190000,6139000,6089000,6040000,5990000,5941000,5892000,5843000,5794000,5746000,5697000,5648000,5599000,5549000,5499000
Seychelles,SYC,"Population, total",SP.POP.TOTL,99000,100000,100000,100000,101000,101000,102000,102000,102000,103000,103000,103000,104000,104000,104000,104000,104000,105000,105000,105000,105000,105000,105000,105000,105000,105000,105000,105000,105000,105000
Sierra Leone,SLE,"Population, total",SP.POP.TOTL,8141000,8306000,8472000,8639000,8806000,8974000,9142000,9310000,9479000,9649000,9818000,9988000,10158000,10328000,10498000,10667000,10836000,11004000,11172000,11339000,11505000,11671000,11835000,11999000,12161000,12321000,12480000,12637000,12792000,12945000
Singapore,SGP,"Population, total",SP.POP.TOTL,5732000,5777000,5822000,5866000,5907000,5948000,5986000,6022000,6055000,6086000,6113000,6138000,6159000,6176000,6190000,6202000,6210000,6215000,6218000,6218000,6217000,6213000,6208000,6202000,6195000,6187000,6178000,6169000,6159000,6149000
Sint Maarten (Dutch part),SXM,"Population, total",SP.POP.TOTL,..,..,..,..,..,..,..,..,..,..,..,..,..,..,..,..,..,..,..,..,..,..,..,..,..,..,..,..,..,..
Slovak Republic,SVK,"Population, total",SP.POP.TOTL,5459000,5458000,5456000,5452000,5446000,5439000,5430000,5420000,5408000,5394000,5379000,5362000,5343000,5323000,5303000,5281000,5258000,5235000,5212000,5189000,5166000,5143000,5120000,5097000,5074000,5052000,5030000,5007000,4985000,4963000
Slovenia,SVN,"Population, total",SP.POP.TOTL,2101000,2100000,2098000,2096000,2093000,2090000,2086000,2083000,2078000,2074000,2069000,2064000,2058000,2052000,2046000,2039000,2033000,2026000,2019000,2013000,2006000,2000000,1993000,1987000,1980000,1973000,1966000,1959000,1952000,1945000
Small states,SST,"Population, total",SP.POP.TOTL,42505000,43092000,43663000,44227000,44794000,45358000,45927000,46495000,47058000,47617000,48169000,48719000,49267000,49804000,50338000,50865000,51393000,51912000,52428000,52936000,53443000,53946000,54442000,54936000,55423000,55900000,56376000,56845000,57305000,57754000
Solomon Islands,SLB,"Population, total",SP.POP.TOTL,704000,721000,738000,756000,773000,791000,809000,827000,846000,865000,884000,903000,923000,942000,963000,983000,1004000,1025000,1046000,1068000,1089000,1111000,1133000,1155000,1177000,1200000,1222000,1245000,1267000,1290000
Somalia,SOM,"Population, total",SP.POP.TOTL,16360000,16842000,17339000,17851000,18377000,18915000,19466000,20029000,20605000,21191000,21788000,22396000,23014000,23641000,24277000,24923000,25576000,26239000,26911000,27591000,28280000,28978000,29686000,30403000,31131000,31869000,32618000,33376000,34144000,34922000
South Africa,ZAF,"Population, total",SP.POP.TOTL,60042000,60756000,61453000,62134000,62803000,63458000,64101000,64731000,65349000,65956000,66552000,67136000,67709000,68270000,68819000,69355000,69879000,70390000,70889000,71375000,71850000,72312000,72761000,73197000,73620000,74028000,74423000,74803000,75168000,75518000
South Asia,SAS,"Population, total",SP.POP.TOTL,1877754000,1898407000,1918795000,1938863000,1958568000,1977881000,1996789000,2015278000,2033344000,2050976000,2068158000,2084874000,2101094000,2116786000,2131926000,2146502000,2160510000,2173954000,2186839000,2199175000,2210960000,2222193000,2232889000,2243063000,2252731000,2261896000,2270561000,2278726000,2286400000,2293578000
South Asia (IDA & IBRD),TSA,"Population, total",SP.POP.TOTL,1877754000,1898407000,1918795000,1938863000,1958568000,1977881000,1996789000,2015278000,2033344000,2050976000,2068158000,2084874000,2101094000,2116786000,2131926000,2146502000,2160510000,2173954000,2186839000,2199175000,2210960000,2222193000,2232889000,2243063000,2252731000,2261896000,2270561000,2278726000,2286400000,2293578000
South Sudan,SSD,"Population, total",SP.POP.TOTL,11381000,11619000,11891000,12176000,12458000,12733000,13006000,13278000,13555000,13839000,14130000,14425000,14724000,15026000,15328000,15632000,15936000,16242000,16548000,16856000,17166000,17475000,17786000,18097000,18408000,18720000,19031000,19342000,19652000,19963000
Spain,ESP,"Population, total",SP.POP.TOTL,47336000,47288000,47226000,47156000,47084000,47009000,46931000,46847000,46758000,46663000,46562000,46458000,46350000,46239000,46125000,46008000,45887000,45760000,45628000,45489000,45344000,45192000,45032000,44863000,44686000,44500000,44306000,44102000,43888000,43658000
Sri Lanka,LKA,"Population, total",SP.POP.TOTL,22008000,22091000,22168000,22238000,22301000,22358000,22409000,22455000,22497000,22535000,22570000,22601000,22629000,22653000,22673000,22688000,22698000,22702000,22701000,22695000,22684000,22667000,22644000,22615000,22581000,22541000,22495000,22443000,22387000,22323000
St. Kitts and Nevis,KNA,"Population, total",SP.POP.TOTL,54000,54000,54000,54000,55000,55000,55000,55000,56000,56000,56000,56000,56000,56000,56000,57000,57000,57000,57000,57000,57000,57000,57000,57000,57000,57000,56000,56000,56000,56000
St. Lucia,LCA,"Population, total",SP.POP.TOTL,184000,185000,186000,186000,187000,187000,188000,188000,188000,189000,189000,189000,189000,189000,189000,189000,189000,189000,188000,188000,188000,187000,187000,186000,186000,185000,184000,184000,183000,182000
St. Martin (French part),MAF,"Population, total",SP.POP.TOTL,..,..,..,..,..,..,..,..,..,..,..,..,..,..,..,..,..,..,..,..,..,..,..,..,..,..,..,..,..,..
St. Vincent and the Grenadines,VCT,"Population, total",SP.POP.TOTL,111000,112000,112000,112000,112000,112000,113000,113000,113000,113000,113000,113000,113000,113000,113000,113000,113000,113000,113000,112000,112000,112000,112000,111000,111000,111000,110000,110000,110000,109000
Sub-Saharan Africa,SSF,"Population, total",SP.POP.TOTL,1165562000,1195516000,1225914000,1256812000,1288226000,1320157000,1352591000,1385511000,1418895000,1452714000,1486971000,1521646000,1556718000,1592168000,1627976000,1664118000,1700587000,1737359000,1774428000,1811768000,1849372000,1887211000,1925276000,1963534000,2001964000,2040541000,2079260000,2118103000,2157050000,2196109000
Sub-Saharan Africa (excluding high income),SSA,"Population, total",SP.POP.TOTL,1165463000,1195416000,1225814000,1256712000,1288125000,1320056000,1352489000,1385409000,1418793000,1452611000,1486868000,1521543000,1556614000,1592064000,1627872000,1664014000,1700483000,1737254000,1774323000,1811663000,1849267000,1887106000,1925171000,1963429000,2001859000,2040436000,2079155000,2117998000,2156945000,2196004000
Sub-Saharan Africa (IDA & IBRD countries),TSS,"Population, total",SP.POP.TOTL,1165562000,1195516000,1225914000,1256812000,1288226000,1320157000,1352591000,1385511000,1418895000,1452714000,1486971000,1521646000,1556718000,1592168000,1627976000,1664118000,1700587000,1737359000,1774428000,1811768000,1849372000,1887211000,1925276000,1963534000,2001964000,2040541000,2079260000,2118103000,2157050000,2196109000
Sudan,SDN,"Population, total",SP.POP.TOTL,44909000,45992000,47095000,48216000,49353000,50505000,51671000,52851000,54046000,55254000,56475000,57708000,58953000,60208000,61473000,62747000,64029000,65319000,66616000,67919000,69228000,70541000,71860000,73182000,74509000,75840000,77173000,78511000,79850000,81193000
Suriname,SUR,"Population, total",SP.POP.TOTL,592000,597000,602000,607000,611000,616000,620000,624000,628000,632000,636000,640000,643000,647000,650000,653000,656000,659000,661000,664000,666000,668000,670000,672000,674000,675000,677000,678000,679000,680000
Sweden,SWE,"Population, total",SP.POP.TOTL,10412000,10469000,10524000,10577000,10628000,10677000,10723000,10767000,10807000,10846000,10882000,10918000,10953000,10988000,11023000,11059000,11095000,11131000,11167000,11204000,11241000,11279000,11316000,11354000,11391000,11428000,11464000,11499000,11534000,11567000
Switzerland,CHE,"Population, total",SP.POP.TOTL,8693000,8748000,8801000,8854000,8905000,8955000,9003000,9050000,9094000,9136000,9176000,9215000,9252000,9288000,9323000,9356000,9389000,9419000,9449000,9477000,9503000,9528000,9551000,9574000,9595000,9615000,9634000,9653000,9670000,9687000
Syrian Arab Republic,SYR,"Population, total",SP.POP.TOTL,18276000,19365000,20638000,21915000,23062000,24033000,24851000,25537000,26134000,26677000,27160000,27572000,27930000,28260000,28580000,28898000,29214000,29530000,29843000,30153000,30462000,30772000,31082000,31390000,31693000,31992000,32287000,32576000,32857000,33129000
Tajikistan,TJK,"Population, total",SP.POP.TOTL,9750000,9957000,10162000,10363000,10563000,10761000,10958000,11155000,11354000,11557000,11765000,11977000,12193000,12415000,12643000,12876000,13114000,13356000,13601000,13846000,14092000,14338000,14583000,14826000,15065000,15300000,15531000,15759000,15984000,16208000
Tanzania,TZA,"Population, total",SP.POP.TOTL,61498000,63299000,65136000,67014000,68934000,70896000,72900000,74946000,77034000,79163000,81334000,83546000,85798000,88088000,90416000,92779000,95179000,97614000,100083000,102587000,105123000,107692000,110294000,112929000,115596000,118296000,121027000,123787000,126574000,129387000
Thailand,THA,"Population, total",SP.POP.TOTL,69951000,70078000,70183000,70266000,70329000,70372000,70394000,70397000,70380000,70346000,70292000,70221000,70132000,70024000,69899000,69756000,69596000,69419000,69223000,69008000,68776000,68526000,68258000,67973000,67672000,67355000,67023000,66676000,66315000,65940000
Timor-Leste,TLS,"Population, total",SP.POP.TOTL,1344000,1369000,1395000,1421000,1447000,1472000,1498000,1523000,1549000,1574000,1599000,1624000,1648000,1672000,1696000,1719000,1742000,1765000,1787000,1809000,1831000,1853000,1874000,1895000,1916000,1937000,1958000,1979000,1999000,2019000
Togo,TGO,"Population, total",SP.POP.TOTL,8478000,8681000,8887000,9096000,9308000,9524000,9744000,9967000,10193000,10422000,10654000,10889000,11126000,11367000,11609000,11853000,12100000,12348000,12598000,12850000,13102000,13356000,13611000,13867000,14123000,14380000,14638000,14897000,15156000,15416000
Tonga,TON,"Population, total",SP.POP.TOTL,107000,108000,109000,110000,111000,112000,113000,114000,115000,116000,117000,118000,119000,120000,121000,122000,123000,124000,125000,126000,127000,128000,129000,129000,130000,131000,132000,133000,133000,134000
Trinidad and Tobago,TTO,"Population, total",SP.POP.TOTL,1403000,1407000,1409000,1411000,1413000,1414000,1414000,1414000,1414000,1413000,1412000,1411000,1410000,1408000,1406000,1404000,1401000,1398000,1395000,1392000,1388000,1385000,1380000,1376000,1371000,1366000,1361000,1356000,1350000,1344000
Tunisia,TUN,"Population, total",SP.POP.TOTL,11936000,12047000,12152000,12251000,12347000,12438000,12523000,12605000,12682000,12756000,12826000,12893000,12957000,13018000,13078000,13136000,13192000,13247000,13301000,13353000,13405000,13455000,13504000,13552000,13598000,13642000,13684000,13724000,13762000,13797000
Turkey,TUR,"Population, total",SP.POP.TOTL,85043000,85562000,85957000,86316000,86705000,87142000,87613000,88115000,88633000,89158000,89693000,90242000,90797000,91341000,91864000,92362000,92837000,93288000,93719000,94132000,94525000,94898000,95249000,95581000,95892000,96184000,96455000,96705000,96934000,97140000
Turkmenistan,TKM,"Population, total",SP.POP.TOTL,6118000,6202000,6283000,6362000,6438000,6511000,6581000,6650000,6717000,6782000,6847000,6911000,6974000,7037000,7099000,7161000,7224000,7286000,7347000,7409000,7469000,7529000,7588000,7645000,7701000,7755000,7807000,7857000,7904000,7949000
Turks and Caicos Islands,TCA,"Population, total",SP.POP.TOTL,39000,40000,40000,41000,41000,42000,42000,43000,43000,44000,44000,45000,45000,45000,46000,46000,47000,47000,47000,48000,48000,48000,49000,49000,49000,49000,50000,50000,50000,50000
Tuvalu,TUV,"Population, total",SP.POP.TOTL,12000,12000,12000,12000,12000,13000,13000,13000,13000,13000,13000,13000,14000,14000,14000,14000,14000,14000,14000,15000,15000,15000,15000,15000,15000,15000,16000,16000,16000,16000
Uganda,UGA,"Population, total",SP.POP.TOTL,47124000,48433000,49701000,50976000,52294000,53664000,55072000,56513000,57972000,59438000,60911000,62394000,63886000,65384000,66889000,68398000,69909000,71423000,72938000,74455000,75971000,77485000,78998000,80507000,82013000,83513000,85008000,86495000,87975000,89447000
Ukraine,UKR,"Population, total",SP.POP.TOTL,43858000,43578000,43296000,43010000,42724000,42437000,42148000,41857000,41563000,41267000,40968000,40667000,40365000,40062000,39761000,39460000,39163000,38869000,38577000,38288000,38001000,37716000,37434000,37154000,36875000,36597000,36321000,36047000,35774000,35494000
United Arab Emirates,ARE,"Population, total",SP.POP.TOTL,9991000,10082000,10165000,10245000,10324000,10403000,10481000,10554000,10615000,10661000,10690000,10704000,10706000,10703000,10697000,10691000,10683000,10673000,10662000,10648000,10634000,10618000,10601000,10582000,10558000,10529000,10498000,10467000,10442000,10425000
United Kingdom,GBR,"Population, total",SP.POP.TOTL,67503000,67769000,68019000,68261000,68501000,68740000,68972000,69195000,69408000,69611000,69806000,69997000,70183000,70368000,70550000,70731000,70910000,71086000,71260000,71431000,71597000,71758000,71914000,72064000,72206000,72341000,72470000,72593000,72709000,72814000
United States,USA,"Population, total",SP.POP.TOTL,333376000,335235000,337078000,338908000,340732000,342547000,344348000,346127000,347883000,349624000,351347000,353047000,354713000,356334000,357904000,359422000,360888000,362306000,363680000,365012000,366306000,367567000,368797000,370004000,371190000,372364000,373532000,374699000,375867000,377008000
Upper middle income,UMC,"Population, total",SP.POP.TOTL,2535038000,2546483000,2556875000,2566446000,2575396000,2583803000,2591662000,2598992000,2605757000,2611932000,2617516000,2622513000,2626920000,2630715000,2633943000,2636644000,2638875000,2640665000,2642022000,2642945000,2643399000,2643366000,2642833000,2641782000,2640215000,2638104000,2635460000,2632283000,2628581000,2624137000
Uruguay,URY,"Population, total",SP.POP.TOTL,3485000,3496000,3506000,3516000,3526000,3536000,3545000,3553000,3562000,3569000,3577000,3584000,3591000,3597000,3603000,3608000,3613000,3617000,3621000,3624000,3628000,3630000,3633000,3635000,3636000,3638000,3639000,3639000,3639000,3639000
Uzbekistan,UZB,"Population, total",SP.POP.TOTL,34709000,35165000,35602000,36022000,36427000,36819000,37199000,37569000,37931000,38287000,38636000,38981000,39321000,39658000,39991000,40319000,40643000,40962000,41273000,41577000,41871000,42153000,42424000,42682000,42926000,43157000,43374000,43578000,43769000,43946000
Vanuatu,VUT,"Population, total",SP.POP.TOTL,314000,322000,329000,337000,344000,352000,360000,368000,375000,383000,391000,400000,408000,416000,425000,433000,442000,450000,459000,468000,476000,485000,494000,503000,512000,521000,530000,539000,548000,557000
"Venezuela, RB",VEN,"Population, total",SP.POP.TOTL,28705000,29267000,30017000,30794000,31481000,32049000,32528000,32932000,33290000,33626000,33936000,34208000,34450000,34672000,34884000,35089000,35286000,35474000,35652000,35819000,35975000,36123000,36261000,36392000,36515000,36630000,36739000,36841000,36935000,37023000
Vietnam,VNM,"Population, total",SP.POP.TOTL,98169000,98954000,99699000,100414000,101107000,101779000,102426000,103043000,103624000,104164000,104660000,105118000,105539000,105930000,106296000,106638000,106955000,107252000,107531000,107795000,108045000,108281000,108503000,108710000,108901000,109077000,109237000,109379000,109503000,109605000
Virgin Islands (U.S.),VIR,"Population, total",SP.POP.TOTL,106000,106000,105000,105000,105000,104000,104000,103000,103000,102000,101000,101000,100000,100000,99000,98000,98000,97000,96000,96000,95000,94000,93000,93000,92000,91000,90000,89000,89000,88000
West Bank and Gaza,PSE,"Population, total",SP.POP.TOTL,4919000,5034000,5151000,5267000,5383000,5500000,5617000,5735000,5853000,5971000,6089000,6207000,6326000,6445000,6564000,6682000,6801000,6920000,7038000,7156000,7273000,7390000,7506000,7622000,7736000,7850000,7964000,8076000,8187000,8298000
World,WLD,"Population, total",SP.POP.TOTL,7842433000,7920725000,7998074000,8074419000,8149773000,8224097000,8297381000,8369640000,8440864000,8511062000,8580216000,8648318000,8715296000,8781150000,8845910000,8909584000,8972234000,9033852000,9094452000,9154009000,9212485000,9269831000,9326037000,9381069000,9434885000,9487465000,9538831000,9588966000,9637854000,9685159000
"Yemen, Rep.",YEM,"Population, total",SP.POP.TOTL,30491000,31155000,31818000,32480000,33140000,33798000,34454000,35107000,35758000,36407000,37053000,37696000,38336000,38972000,39603000,40229000,40850000,41464000,42071000,42670000,43260000,43842000,44413000,44974000,45523000,46060000,46585000,47096000,47595000,48080000
Zambia,ZMB,"Population, total",SP.POP.TOTL,18921000,19470000,20033000,20608000,21197000,21798000,22412000,23039000,23677000,24326000,24985000,25655000,26335000,27024000,27722000,28429000,29144000,29867000,30599000,31338000,32086000,32841000,33604000,34373000,35149000,35931000,36719000,37514000,38314000,39121000
Zimbabwe,ZWE,"Population, total",SP.POP.TOTL,15092000,15331000,15581000,15841000,16110000,16390000,16680000,16979000,17285000,17596000,17912000,18233000,18557000,18883000,19212000,19542000,19874000,20205000,20535000,20864000,21190000,21514000,21835000,22152000,22465000,22772000,23075000,23372000,23663000,23948000
,,,,,,,,,,,,,,,,,,,,,,,,,,,,,,,,,
,,,,,,,,,,,,,,,,,,,,,,,,,,,,,,,,,
,,,,,,,,,,,,,,,,,,,,,,,,,,,,,,,,,
Data from database: Population estimates and projections,,,,,,,,,,,,,,,,,,,,,,,,,,,,,,,,,
Last Updated: 04/28/2022,,,,,,,,,,,,,,,,,,,,,,,,,,,,,,,,,
